{"data_time": 0.05547965000000055, "eta_seconds": 309.01855200000057, "fast_rcnn/cls_accuracy": 0.396484375, "fast_rcnn/false_negative": 0.0, "fast_rcnn/fg_cls_accuracy": 1.0, "iteration": 19, "loss_box_reg": 0.38114455342292786, "loss_cls": 0.7365231215953827, "loss_mask": 0.6904847621917725, "loss_rpn_cls": 0.035536499693989754, "loss_rpn_loc": 0.009099821094423532, "lr": 9.7405e-06, "mask_rcnn/accuracy": 0.8053226835088875, "mask_rcnn/false_negative": 0.03144054455807354, "mask_rcnn/false_positive": 0.9692323694810341, "roi_head/num_bg_samples": 115.0, "roi_head/num_fg_samples": 13.0, "rpn/num_neg_anchors": 251.0, "rpn/num_pos_anchors": 5.0, "time": 0.6437886500000012, "total_loss": 1.8654978012200445}
{"data_time": 0.05451140000000265, "eta_seconds": 300.36229, "fast_rcnn/cls_accuracy": 0.8828125, "fast_rcnn/false_negative": 1.0, "fast_rcnn/fg_cls_accuracy": 0.0, "iteration": 39, "loss_box_reg": 0.3661573529243469, "loss_cls": 0.5131708085536957, "loss_mask": 0.6285914182662964, "loss_rpn_cls": 0.024447196163237095, "loss_rpn_loc": 0.009531013201922178, "lr": 1.97305e-05, "mask_rcnn/accuracy": 0.8467907252186588, "mask_rcnn/false_negative": 0.0, "mask_rcnn/false_positive": 1.0, "roi_head/num_bg_samples": 115.0, "roi_head/num_fg_samples": 13.0, "rpn/num_neg_anchors": 250.25, "rpn/num_pos_anchors": 5.75, "time": 0.6532803499999993, "total_loss": 1.5905743872281164}
{"data_time": 0.053259950000001055, "eta_seconds": 298.25274599999915, "fast_rcnn/cls_accuracy": 0.8984375, "fast_rcnn/false_negative": 1.0, "fast_rcnn/fg_cls_accuracy": 0.0, "iteration": 59, "loss_box_reg": 0.38705071806907654, "loss_cls": 0.325631782412529, "loss_mask": 0.5268439054489136, "loss_rpn_cls": 0.01006335113197565, "loss_rpn_loc": 0.009576878044754267, "lr": 2.9720499999999998e-05, "mask_rcnn/accuracy": 0.832042638483965, "mask_rcnn/false_negative": 0.0, "mask_rcnn/false_positive": 1.0, "roi_head/num_bg_samples": 115.0, "roi_head/num_fg_samples": 13.0, "rpn/num_neg_anchors": 250.5, "rpn/num_pos_anchors": 5.5, "time": 0.6817795500000017, "total_loss": 1.2717297496274114}
{"data_time": 0.04928239999999562, "eta_seconds": 279.6017279999983, "fast_rcnn/cls_accuracy": 0.900390625, "fast_rcnn/false_negative": 1.0, "fast_rcnn/fg_cls_accuracy": 0.0, "iteration": 79, "loss_box_reg": 0.3820192366838455, "loss_cls": 0.22533980011940002, "loss_mask": 0.39337965846061707, "loss_rpn_cls": 0.003388729179278016, "loss_rpn_loc": 0.009557013399899006, "lr": 3.9710500000000005e-05, "mask_rcnn/accuracy": 0.8420952187693259, "mask_rcnn/false_negative": 0.0, "mask_rcnn/false_positive": 1.0, "roi_head/num_bg_samples": 115.25, "roi_head/num_fg_samples": 12.75, "rpn/num_neg_anchors": 251.5, "rpn/num_pos_anchors": 4.5, "time": 0.6385358999999937, "total_loss": 0.9916124039446004}
{"data_time": 0.08203370000000376, "eta_seconds": 269.7601800000001, "fast_rcnn/cls_accuracy": 0.896484375, "fast_rcnn/false_negative": 1.0, "fast_rcnn/fg_cls_accuracy": 0.0, "iteration": 99, "loss_box_reg": 0.37331467866897583, "loss_cls": 0.18841948360204697, "loss_mask": 0.3448809087276459, "loss_rpn_cls": 0.002541604917496443, "loss_rpn_loc": 0.007037320639938116, "lr": 4.97005e-05, "mask_rcnn/accuracy": 0.8392237609329446, "mask_rcnn/false_negative": 0.0, "mask_rcnn/false_positive": 1.0, "roi_head/num_bg_samples": 114.75, "roi_head/num_fg_samples": 13.25, "rpn/num_neg_anchors": 252.25, "rpn/num_pos_anchors": 3.75, "time": 0.6822716500000041, "total_loss": 0.9297931722248904}
{"data_time": 0.04771354999999744, "eta_seconds": 254.4874630000018, "fast_rcnn/cls_accuracy": 0.90234375, "fast_rcnn/false_negative": 0.9807692307692308, "fast_rcnn/fg_cls_accuracy": 0.019230769230769232, "iteration": 119, "loss_box_reg": 0.37377291917800903, "loss_cls": 0.1550116315484047, "loss_mask": 0.29822975397109985, "loss_rpn_cls": 0.0016922872164286673, "loss_rpn_loc": 0.008020326495170593, "lr": 5.96905e-05, "mask_rcnn/accuracy": 0.8470605287569574, "mask_rcnn/false_negative": 0.0, "mask_rcnn/false_positive": 1.0, "roi_head/num_bg_samples": 114.75, "roi_head/num_fg_samples": 13.25, "rpn/num_neg_anchors": 251.5, "rpn/num_pos_anchors": 4.5, "time": 0.6328008999999994, "total_loss": 0.8567146342684282}
{"data_time": 0.04604475000000008, "eta_seconds": 240.49229400000144, "fast_rcnn/cls_accuracy": 0.9296875, "fast_rcnn/false_negative": 0.6392473118279569, "fast_rcnn/fg_cls_accuracy": 0.360752688172043, "iteration": 139, "loss_box_reg": 0.3813088834285736, "loss_cls": 0.13759984076023102, "loss_mask": 0.26419253647327423, "loss_rpn_cls": 0.0035201871069148183, "loss_rpn_loc": 0.007390620419755578, "lr": 6.96805e-05, "mask_rcnn/accuracy": 0.851688951442646, "mask_rcnn/false_negative": 0.0, "mask_rcnn/false_positive": 1.0, "roi_head/num_bg_samples": 113.75, "roi_head/num_fg_samples": 14.25, "rpn/num_neg_anchors": 251.0, "rpn/num_pos_anchors": 5.0, "time": 0.6522851500000044, "total_loss": 0.7889925075578503}
{"data_time": 0.05175169999999696, "eta_seconds": 224.18207699999968, "fast_rcnn/cls_accuracy": 0.97265625, "fast_rcnn/false_negative": 0.21455938697318006, "fast_rcnn/fg_cls_accuracy": 0.7854406130268199, "iteration": 159, "loss_box_reg": 0.36525867879390717, "loss_cls": 0.1118994653224945, "loss_mask": 0.23298954218626022, "loss_rpn_cls": 0.0018161448533646762, "loss_rpn_loc": 0.005601467099040747, "lr": 7.967050000000001e-05, "mask_rcnn/accuracy": 0.8577578352769679, "mask_rcnn/false_negative": 0.0, "mask_rcnn/false_positive": 1.0, "roi_head/num_bg_samples": 113.75, "roi_head/num_fg_samples": 14.25, "rpn/num_neg_anchors": 251.75, "rpn/num_pos_anchors": 4.25, "time": 0.6306661499999962, "total_loss": 0.7332499552285299}
{"data_time": 0.07210955000000752, "eta_seconds": 214.83668800000032, "fast_rcnn/cls_accuracy": 0.984375, "fast_rcnn/false_negative": 0.037037037037037035, "fast_rcnn/fg_cls_accuracy": 0.9629629629629629, "iteration": 179, "loss_box_reg": 0.3592567890882492, "loss_cls": 0.08694849163293839, "loss_mask": 0.2081131637096405, "loss_rpn_cls": 0.0019034927827306092, "loss_rpn_loc": 0.005568906897678971, "lr": 8.966049999999999e-05, "mask_rcnn/accuracy": 0.8662445335276968, "mask_rcnn/false_negative": 0.0, "mask_rcnn/false_positive": 0.9993746091307067, "roi_head/num_bg_samples": 112.75, "roi_head/num_fg_samples": 15.25, "rpn/num_neg_anchors": 251.75, "rpn/num_pos_anchors": 4.25, "time": 0.6897037499999925, "total_loss": 0.6599495553673478}
{"data_time": 0.06898864999999432, "eta_seconds": 201.52438499999903, "fast_rcnn/cls_accuracy": 0.986328125, "fast_rcnn/false_negative": 0.06060606060606061, "fast_rcnn/fg_cls_accuracy": 0.9393939393939394, "iteration": 199, "loss_box_reg": 0.35969725251197815, "loss_cls": 0.07329648733139038, "loss_mask": 0.15226592123508453, "loss_rpn_cls": 0.001676662650424987, "loss_rpn_loc": 0.006442743353545666, "lr": 9.96505e-05, "mask_rcnn/accuracy": 0.8989190373118945, "mask_rcnn/false_negative": 0.0, "mask_rcnn/false_positive": 0.8717956575363811, "roi_head/num_bg_samples": 111.5, "roi_head/num_fg_samples": 16.5, "rpn/num_neg_anchors": 251.25, "rpn/num_pos_anchors": 4.75, "time": 0.6730617500000022, "total_loss": 0.6095422448706813}
{"data_time": 0.07847105000000454, "eta_seconds": 188.81748200000203, "fast_rcnn/cls_accuracy": 0.974609375, "fast_rcnn/false_negative": 0.013513513513513514, "fast_rcnn/fg_cls_accuracy": 0.9864864864864865, "iteration": 219, "loss_box_reg": 0.26251228153705597, "loss_cls": 0.06516920402646065, "loss_mask": 0.11926860734820366, "loss_rpn_cls": 0.003419898101128638, "loss_rpn_loc": 0.00676489993929863, "lr": 0.00010964050000000001, "mask_rcnn/accuracy": 0.9316235422740524, "mask_rcnn/false_negative": 0.0, "mask_rcnn/false_positive": 0.6099446066031005, "roi_head/num_bg_samples": 109.5, "roi_head/num_fg_samples": 18.5, "rpn/num_neg_anchors": 252.0, "rpn/num_pos_anchors": 4.0, "time": 0.685943199999997, "total_loss": 0.4735750214313157}
{"data_time": 0.05487570000001085, "eta_seconds": 174.98893100000046, "fast_rcnn/cls_accuracy": 0.978515625,